{"cameraMode":{"drawMode":0,"name":"Shaded","section":"Shading Mode"},"sceneLighting":true,"audioPlay":false,"sceneViewState":{"showFog":true,"showMaterialUpdate":true,"showSkybox":true,"showFlares":true,"showImageEffects":true,"showParticleSystems":true},"in2DMode":false,"pivot":{"x":10.507094383239746,"y":-4.726233959197998,"z":13.82129192352295},"rotation":{"x":-0.17501501739025117,"y":-0.4953603744506836,"z":0.10263907164335251,"w":-0.8446635603904724},"size":10.925719261169434,"orthographic":false}