{"cameraMode":{"drawMode":0,"name":"Shaded","section":"Shading Mode"},"sceneLighting":false,"audioPlay":false,"sceneViewState":{"showFog":true,"showMaterialUpdate":true,"showSkybox":false,"showFlares":true,"showImageEffects":true,"showParticleSystems":true},"in2DMode":false,"pivot":{"x":0.3768460750579834,"y":1.0781381130218506,"z":0.125803142786026},"rotation":{"x":-0.14981608092784882,"y":-0.4701615273952484,"z":0.08134038746356964,"w":-0.8659615516662598},"size":2.700017213821411,"orthographic":false}